PRAGMA foreign_keys=OFF;
BEGIN TRANSACTION;
CREATE TABLE IF NOT EXISTS "django_migrations" ("id" integer NOT NULL PRIMARY KEY AUTOINCREMENT, "app" varchar(255) NOT NULL, "name" varchar(255) NOT NULL, "applied" datetime NOT NULL);
INSERT INTO django_migrations VALUES(1,'contenttypes','0001_initial','2019-01-03 23:04:09.605859');
INSERT INTO django_migrations VALUES(2,'auth','0001_initial','2019-01-03 23:04:09.681992');
INSERT INTO django_migrations VALUES(3,'admin','0001_initial','2019-01-03 23:04:09.785296');
INSERT INTO django_migrations VALUES(4,'admin','0002_logentry_remove_auto_add','2019-01-03 23:04:09.846772');
INSERT INTO django_migrations VALUES(5,'contenttypes','0002_remove_content_type_name','2019-01-03 23:04:09.918715');
INSERT INTO django_migrations VALUES(6,'auth','0002_alter_permission_name_max_length','2019-01-03 23:04:09.974283');
INSERT INTO django_migrations VALUES(7,'auth','0003_alter_user_email_max_length','2019-01-03 23:04:10.045247');
INSERT INTO django_migrations VALUES(8,'auth','0004_alter_user_username_opts','2019-01-03 23:04:10.122911');
INSERT INTO django_migrations VALUES(9,'auth','0005_alter_user_last_login_null','2019-01-03 23:04:10.245106');
INSERT INTO django_migrations VALUES(10,'auth','0006_require_contenttypes_0002','2019-01-03 23:04:10.281293');
INSERT INTO django_migrations VALUES(11,'auth','0007_alter_validators_add_error_messages','2019-01-03 23:04:10.363894');
INSERT INTO django_migrations VALUES(12,'auth','0008_alter_user_username_max_length','2019-01-03 23:04:10.430593');
INSERT INTO django_migrations VALUES(13,'dsa_starter','0001_initial','2019-01-03 23:04:10.490639');
INSERT INTO django_migrations VALUES(14,'dsa_starter','0002_character_name','2019-01-03 23:04:10.552978');
INSERT INTO django_migrations VALUES(15,'dsa_starter','0003_auto_20170418_1538','2019-01-03 23:04:10.624994');
INSERT INTO django_migrations VALUES(16,'dsa_starter','0004_auto_20170418_1719','2019-01-03 23:04:10.686639');
INSERT INTO django_migrations VALUES(17,'dsa_starter','0005_auto_20170418_1730','2019-01-03 23:04:10.823623');
INSERT INTO django_migrations VALUES(18,'dsa_starter','0006_auto_20170418_1746','2019-01-03 23:04:10.928023');
INSERT INTO django_migrations VALUES(19,'dsa_starter','0007_auto_20170418_1750','2019-01-03 23:04:11.003983');
INSERT INTO django_migrations VALUES(20,'dsa_starter','0008_auto_20170418_1756','2019-01-03 23:04:11.078871');
INSERT INTO django_migrations VALUES(21,'dsa_starter','0009_auto_20170418_1809','2019-01-03 23:04:11.160903');
INSERT INTO django_migrations VALUES(22,'dsa_starter','0010_auto_20170418_1816','2019-01-03 23:04:11.252979');
INSERT INTO django_migrations VALUES(23,'dsa_starter','0011_remove_character_skills','2019-01-03 23:04:11.317832');
INSERT INTO django_migrations VALUES(24,'dsa_starter','0012_actualskill_character','2019-01-03 23:04:11.390111');
INSERT INTO django_migrations VALUES(25,'dsa_starter','0013_auto_20170424_2124','2019-01-03 23:04:11.460981');
INSERT INTO django_migrations VALUES(26,'dsa_starter','0014_auto_20170426_2332','2019-01-03 23:04:11.525727');
INSERT INTO django_migrations VALUES(27,'dsa_starter','0015_auto_20170427_0000','2019-01-03 23:04:11.587108');
INSERT INTO django_migrations VALUES(28,'dsa_starter','0016_character_life_lost','2019-01-03 23:04:11.651143');
INSERT INTO django_migrations VALUES(29,'dsa_starter','0017_character_avatar','2019-01-03 23:04:11.712788');
INSERT INTO django_migrations VALUES(30,'dsa_starter','0018_character_avatar_small','2019-01-03 23:04:11.770427');
INSERT INTO django_migrations VALUES(31,'dsa_starter','0019_skill_basis','2019-01-03 23:04:11.821064');
INSERT INTO django_migrations VALUES(32,'dsa_starter','0020_weaponskilldistribution','2019-01-03 23:04:11.889145');
INSERT INTO django_migrations VALUES(33,'dsa_starter','0021_auto_20180519_1319','2019-01-03 23:04:11.964113');
INSERT INTO django_migrations VALUES(34,'dsa_starter','0022_auto_20180606_2059','2019-01-03 23:04:12.031930');
INSERT INTO django_migrations VALUES(35,'dsa_starter','0023_fight_fightcharactparticipation','2019-01-03 23:04:12.095618');
INSERT INTO django_migrations VALUES(36,'dsa_starter','0024_nonplayercharacter','2019-01-03 23:04:12.160089');
INSERT INTO django_migrations VALUES(37,'dsa_starter','0025_auto_20180903_2007','2019-01-03 23:04:12.275361');
INSERT INTO django_migrations VALUES(38,'dsa_starter','0026_auto_20180903_2030','2019-01-03 23:04:12.360196');
INSERT INTO django_migrations VALUES(39,'dsa_starter','0027_auto_20181127_1549','2019-01-03 23:04:12.442199');
INSERT INTO django_migrations VALUES(40,'dsa_starter','0028_auto_20181127_1552','2019-01-03 23:04:12.498545');
INSERT INTO django_migrations VALUES(41,'dsa_starter','0029_characterhasweapon','2019-01-03 23:04:12.557219');
INSERT INTO django_migrations VALUES(42,'dsa_starter','0030_weapon_skill_type','2019-01-03 23:04:12.636949');
INSERT INTO django_migrations VALUES(43,'dsa_starter','0027_auto_20181126_1045','2019-01-03 23:04:12.723797');
INSERT INTO django_migrations VALUES(44,'dsa_starter','0028_auto_20181126_1048','2019-01-03 23:04:12.806917');
INSERT INTO django_migrations VALUES(45,'dsa_starter','0029_adventure_isactive','2019-01-03 23:04:12.868104');
INSERT INTO django_migrations VALUES(46,'dsa_starter','0030_auto_20181126_1203','2019-01-03 23:04:12.925692');
INSERT INTO django_migrations VALUES(47,'dsa_starter','0031_merge_20181128_0851','2019-01-03 23:04:12.953367');
INSERT INTO django_migrations VALUES(48,'dsa_starter','0032_auto_20181129_1033','2019-01-03 23:04:13.051241');
INSERT INTO django_migrations VALUES(49,'sessions','0001_initial','2019-01-03 23:04:13.101322');
INSERT INTO django_migrations VALUES(50,'dsa_starter','0033_auto_20190715_0717','2019-07-15 05:17:25.940118');
INSERT INTO django_migrations VALUES(51,'dsa_starter','0034_herotype_knowsmagic','2019-07-15 05:24:07.055212');
INSERT INTO django_migrations VALUES(52,'dsa_starter','0035_actualspellskill','2019-07-15 05:29:21.996420');
CREATE TABLE IF NOT EXISTS "auth_group" ("id" integer NOT NULL PRIMARY KEY AUTOINCREMENT, "name" varchar(80) NOT NULL UNIQUE);
INSERT INTO auth_group VALUES(1,'player');
INSERT INTO auth_group VALUES(2,'master');
CREATE TABLE IF NOT EXISTS "auth_group_permissions" ("id" integer NOT NULL PRIMARY KEY AUTOINCREMENT, "group_id" integer NOT NULL REFERENCES "auth_group" ("id"), "permission_id" integer NOT NULL REFERENCES "auth_permission" ("id"));
INSERT INTO auth_group_permissions VALUES(1,1,16);
INSERT INTO auth_group_permissions VALUES(2,1,17);
INSERT INTO auth_group_permissions VALUES(3,1,18);
INSERT INTO auth_group_permissions VALUES(4,2,16);
INSERT INTO auth_group_permissions VALUES(5,2,17);
INSERT INTO auth_group_permissions VALUES(6,2,18);
CREATE TABLE IF NOT EXISTS "auth_user_groups" ("id" integer NOT NULL PRIMARY KEY AUTOINCREMENT, "user_id" integer NOT NULL REFERENCES "auth_user" ("id"), "group_id" integer NOT NULL REFERENCES "auth_group" ("id"));
INSERT INTO auth_user_groups VALUES(1,2,1);
INSERT INTO auth_user_groups VALUES(2,3,1);
CREATE TABLE IF NOT EXISTS "auth_user_user_permissions" ("id" integer NOT NULL PRIMARY KEY AUTOINCREMENT, "user_id" integer NOT NULL REFERENCES "auth_user" ("id"), "permission_id" integer NOT NULL REFERENCES "auth_permission" ("id"));
CREATE TABLE IF NOT EXISTS "django_admin_log" ("id" integer NOT NULL PRIMARY KEY AUTOINCREMENT, "object_id" text NULL, "object_repr" varchar(200) NOT NULL, "action_flag" smallint unsigned NOT NULL, "change_message" text NOT NULL, "content_type_id" integer NULL REFERENCES "django_content_type" ("id"), "user_id" integer NOT NULL REFERENCES "auth_user" ("id"), "action_time" datetime NOT NULL);
INSERT INTO django_admin_log VALUES(1,'1','players',1,'[{"added": {}}]',4,1,'2017-04-18 10:37:20.725697');
INSERT INTO django_admin_log VALUES(2,'1','player',2,'[{"changed": {"fields": ["name"]}}]',4,1,'2017-04-18 10:37:35.236632');
INSERT INTO django_admin_log VALUES(3,'2','master',1,'[{"added": {}}]',4,1,'2017-04-18 10:38:11.143230');
INSERT INTO django_admin_log VALUES(4,'2','jones',1,'[{"added": {}}]',3,1,'2017-04-18 10:39:01.663037');
INSERT INTO django_admin_log VALUES(5,'2','jones',2,'[{"changed": {"fields": ["first_name", "last_name", "email"]}}]',3,1,'2017-04-18 10:39:34.763081');
INSERT INTO django_admin_log VALUES(6,'2','jones',2,'[]',3,1,'2017-04-18 10:39:54.952069');
INSERT INTO django_admin_log VALUES(7,'3','golo',1,'[{"added": {}}]',3,1,'2017-04-18 10:41:48.732504');
INSERT INTO django_admin_log VALUES(8,'3','golo',2,'[{"changed": {"fields": ["first_name", "last_name", "email"]}}]',3,1,'2017-04-18 10:43:14.577973');
INSERT INTO django_admin_log VALUES(9,'1','Balduin',1,'[{"added": {}}]',7,1,'2017-04-18 11:32:22.170143');
INSERT INTO django_admin_log VALUES(10,'1','Balduin',3,'',7,1,'2017-04-18 11:32:39.181762');
INSERT INTO django_admin_log VALUES(11,'1','Mensch',1,'[{"added": {}}]',8,1,'2017-04-18 13:40:37.606178');
INSERT INTO django_admin_log VALUES(12,'2','Zwerg',1,'[{"added": {}}]',8,1,'2017-04-18 13:40:43.800989');
INSERT INTO django_admin_log VALUES(13,'1','Krieger',1,'[{"added": {}}]',9,1,'2017-04-18 15:19:20.206000');
INSERT INTO django_admin_log VALUES(14,'1','SkillGroup object',1,'[{"added": {}}]',12,1,'2017-04-18 15:48:56.891786');
INSERT INTO django_admin_log VALUES(15,'1','SkillGroup object',2,'[]',12,1,'2017-04-18 15:49:10.635473');
INSERT INTO django_admin_log VALUES(16,'2','SkillGroup object',1,'[{"added": {}}]',12,1,'2017-04-18 15:49:25.739788');
INSERT INTO django_admin_log VALUES(17,'2','SkillGroup object',2,'[{"changed": {"fields": ["title"]}}]',12,1,'2017-04-18 15:51:20.749005');
INSERT INTO django_admin_log VALUES(18,'2','SkillGroup object',3,'',12,1,'2017-04-18 15:51:30.892101');
INSERT INTO django_admin_log VALUES(19,'1','SkillGroup object',3,'',12,1,'2017-04-18 15:51:30.895321');
INSERT INTO django_admin_log VALUES(20,'3','SkillGroup object',1,'[{"added": {}}]',12,1,'2017-04-18 15:51:38.263515');
INSERT INTO django_admin_log VALUES(21,'3','Is it so?',2,'[]',12,1,'2017-04-18 15:52:08.547120');
INSERT INTO django_admin_log VALUES(22,'3','Schwer zu erwerbende',2,'[{"changed": {"fields": ["title"]}}]',12,1,'2017-04-18 15:52:38.090813');
INSERT INTO django_admin_log VALUES(23,'4','Leicht zu erwerbende',1,'[{"added": {}}]',12,1,'2017-04-18 15:53:10.877769');
INSERT INTO django_admin_log VALUES(24,'5','Gaben',1,'[{"added": {}}]',12,1,'2017-04-18 15:53:49.812603');
INSERT INTO django_admin_log VALUES(25,'1','Kampftechniken',1,'[{"added": {}}]',10,1,'2017-04-18 15:56:49.598568');
INSERT INTO django_admin_log VALUES(26,'2','Körperliche Talente',1,'[{"added": {}}]',10,1,'2017-04-18 16:00:24.576046');
INSERT INTO django_admin_log VALUES(27,'2','Körperliche Talente',2,'[]',10,1,'2017-04-18 16:00:34.960097');
INSERT INTO django_admin_log VALUES(28,'2','Körperliche Talente',2,'[]',10,1,'2017-04-18 16:00:37.094928');
INSERT INTO django_admin_log VALUES(29,'3','Gesellschaftliche Talente',1,'[{"added": {}}]',10,1,'2017-04-18 16:00:55.600299');
INSERT INTO django_admin_log VALUES(30,'4','Naturtalente',1,'[{"added": {}}]',10,1,'2017-04-18 16:01:10.226731');
INSERT INTO django_admin_log VALUES(31,'5','Wissenstalente',1,'[{"added": {}}]',10,1,'2017-04-18 16:01:25.771029');
INSERT INTO django_admin_log VALUES(32,'6','Sprachen und Schriften',1,'[{"added": {}}]',10,1,'2017-04-18 16:01:39.146131');
INSERT INTO django_admin_log VALUES(33,'7','Handwerkliche Talente',1,'[{"added": {}}]',10,1,'2017-04-18 16:01:49.466522');
INSERT INTO django_admin_log VALUES(34,'1','Dolche',1,'[{"added": {}}]',11,1,'2017-04-18 16:02:26.037091');
INSERT INTO django_admin_log VALUES(35,'2','Hiebwaffen',1,'[{"added": {}}]',11,1,'2017-04-18 16:02:45.101705');
INSERT INTO django_admin_log VALUES(36,'3','Raufen',1,'[{"added": {}}]',11,1,'2017-04-18 16:02:55.920782');
INSERT INTO django_admin_log VALUES(37,'4','Ringen',1,'[{"added": {}}]',11,1,'2017-04-18 16:03:06.764895');
INSERT INTO django_admin_log VALUES(38,'5','Säbel',1,'[{"added": {}}]',11,1,'2017-04-18 16:03:28.016240');
INSERT INTO django_admin_log VALUES(39,'6','Wurfmesser',1,'[{"added": {}}]',11,1,'2017-04-18 16:03:41.082158');
INSERT INTO django_admin_log VALUES(40,'7','Armbrust',1,'[{"added": {}}]',11,1,'2017-04-18 16:03:55.366238');
INSERT INTO django_admin_log VALUES(41,'6','Wurfmesser',2,'[{"changed": {"fields": ["behinderung"]}}]',11,1,'2017-04-18 16:04:05.999129');
INSERT INTO django_admin_log VALUES(42,'8','Zweihandwaffen',1,'[{"added": {}}]',11,1,'2017-04-18 16:04:27.660951');
INSERT INTO django_admin_log VALUES(43,'9','Athletik',1,'[{"added": {}}]',11,1,'2017-04-18 16:04:51.619944');
INSERT INTO django_admin_log VALUES(44,'10','Klettern',1,'[{"added": {}}]',11,1,'2017-04-18 16:05:07.546418');
INSERT INTO django_admin_log VALUES(45,'10','Klettern',2,'[{"changed": {"fields": ["dice1", "dice2", "dice3"]}}]',11,1,'2017-04-18 16:10:28.756957');
INSERT INTO django_admin_log VALUES(46,'10','Klettern',2,'[{"changed": {"fields": ["dice1", "dice2"]}}]',11,1,'2017-04-18 16:10:45.237634');
INSERT INTO django_admin_log VALUES(47,'1','Gandalf',1,'[{"added": {}}]',7,1,'2017-04-18 16:30:08.695463');
INSERT INTO django_admin_log VALUES(48,'1','ActualSkill object',1,'[{"added": {}}]',13,1,'2017-04-18 16:31:40.341678');
INSERT INTO django_admin_log VALUES(49,'2','Gaukler',1,'[{"added": {}}]',9,1,'2017-04-18 19:18:33.534781');
INSERT INTO django_admin_log VALUES(50,'2','Golini',1,'[{"added": {}}]',7,1,'2017-04-18 19:19:22.480585');
INSERT INTO django_admin_log VALUES(51,'3','Jones',1,'[{"added": {}}]',7,1,'2017-04-26 21:51:02.743674');
INSERT INTO django_admin_log VALUES(52,'3','Jones',2,'[{"changed": {"fields": ["avatar"]}}]',7,1,'2017-05-05 15:19:21.754011');
INSERT INTO django_admin_log VALUES(53,'2','Golini',2,'[{"changed": {"fields": ["avatar"]}}]',7,1,'2017-05-05 15:26:29.212428');
INSERT INTO django_admin_log VALUES(54,'1','Gandalf',2,'[]',7,1,'2017-05-05 15:26:34.111485');
INSERT INTO django_admin_log VALUES(55,'1','Gandalf',2,'[{"changed": {"fields": ["avatar"]}}]',7,1,'2017-05-05 15:26:50.098638');
INSERT INTO django_admin_log VALUES(56,'1','Torgal',2,'[{"changed": {"fields": ["name"]}}]',7,1,'2017-05-05 16:22:08.610384');
INSERT INTO django_admin_log VALUES(57,'1','Torgal',2,'[{"changed": {"fields": ["avatar", "avatar_small"]}}]',7,1,'2017-05-05 16:22:38.321663');
INSERT INTO django_admin_log VALUES(58,'2','Golini',2,'[{"changed": {"fields": ["avatar", "avatar_small"]}}]',7,1,'2017-05-05 16:24:16.704195');
INSERT INTO django_admin_log VALUES(59,'3','Jones',2,'[{"changed": {"fields": ["avatar_small"]}}]',7,1,'2017-05-05 16:27:20.580378');
INSERT INTO django_admin_log VALUES(60,'3','Jäger',1,'[{"added": {}}]',9,1,'2017-05-05 18:49:22.969460');
INSERT INTO django_admin_log VALUES(61,'3','Tore',2,'[{"changed": {"fields": ["avatar", "name", "type"]}}]',7,1,'2017-05-05 18:49:26.099575');
INSERT INTO django_admin_log VALUES(62,'3','Tore',2,'[{"changed": {"fields": ["avatar", "avatar_small"]}}]',7,1,'2017-05-05 18:50:47.826225');
INSERT INTO django_admin_log VALUES(63,'1','Torgal',2,'[{"changed": {"fields": ["avatar_small"]}}]',7,1,'2017-05-05 20:41:29.331194');
INSERT INTO django_admin_log VALUES(64,'1','Torgal',2,'[{"changed": {"fields": ["avatar_small"]}}]',7,1,'2017-05-05 20:42:33.605266');
INSERT INTO django_admin_log VALUES(65,'3','Tore',2,'[{"changed": {"fields": ["avatar_small"]}}]',7,1,'2017-05-05 20:43:36.220836');
INSERT INTO django_admin_log VALUES(66,'2','Golini',2,'[{"changed": {"fields": ["avatar_small"]}}]',7,1,'2017-05-05 22:14:55.156592');
INSERT INTO django_admin_log VALUES(67,'54','Heilkunde Wunden',1,'[{"added": {}}]',11,1,'2018-05-14 20:38:49.086544');
INSERT INTO django_admin_log VALUES(68,'55','Holzbearbeitung',1,'[{"added": {}}]',11,1,'2018-05-14 20:39:24.422310');
INSERT INTO django_admin_log VALUES(69,'56','Kartographie',1,'[{"added": {}}]',11,1,'2018-05-14 20:39:42.859447');
INSERT INTO django_admin_log VALUES(70,'57','Kochen',1,'[{"added": {}}]',11,1,'2018-05-14 20:40:05.911635');
INSERT INTO django_admin_log VALUES(71,'58','Lederarbeiten',1,'[{"added": {}}]',11,1,'2018-05-14 20:40:43.124363');
INSERT INTO django_admin_log VALUES(72,'59','Malen/Zeichnen',1,'[{"added": {}}]',11,1,'2018-05-14 20:40:59.531430');
INSERT INTO django_admin_log VALUES(73,'60','Musizieren',1,'[{"added": {}}]',11,1,'2018-05-14 20:41:17.261591');
INSERT INTO django_admin_log VALUES(74,'61','Schlösser knacken',1,'[{"added": {}}]',11,1,'2018-05-14 20:41:35.753302');
INSERT INTO django_admin_log VALUES(75,'62','Schneidern',1,'[{"added": {}}]',11,1,'2018-05-14 20:42:01.837466');
INSERT INTO django_admin_log VALUES(76,'63','Seefahrt',1,'[{"added": {}}]',11,1,'2018-05-14 20:42:39.510827');
INSERT INTO django_admin_log VALUES(77,'64','Steinmetz',1,'[{"added": {}}]',11,1,'2018-05-14 20:42:54.994744');
INSERT INTO django_admin_log VALUES(78,'65','Steinschneider/Juwelier',1,'[{"added": {}}]',11,1,'2018-05-14 20:43:13.880824');
INSERT INTO django_admin_log VALUES(79,'66','Tätowieren',1,'[{"added": {}}]',11,1,'2018-05-14 20:43:27.583924');
INSERT INTO django_admin_log VALUES(80,'67','Zimmermann',1,'[{"added": {}}]',11,1,'2018-05-14 20:43:43.251979');
INSERT INTO django_admin_log VALUES(81,'2','Torgal - Wurfmesser',1,'[{"added": {}}]',13,1,'2018-05-14 21:50:23.245794');
INSERT INTO django_admin_log VALUES(82,'3','Torgal - Hiebwaffen',1,'[{"added": {}}]',13,1,'2018-05-14 21:50:43.148358');
INSERT INTO django_admin_log VALUES(83,'4','Torgal - Seefahrt',1,'[{"added": {}}]',13,1,'2018-05-14 21:51:20.292946');
INSERT INTO django_admin_log VALUES(84,'5','Torgal - Singen',1,'[{"added": {}}]',13,1,'2018-05-14 21:51:29.036791');
INSERT INTO django_admin_log VALUES(85,'6','Torgal - Selbstbeherrschung',1,'[{"added": {}}]',13,1,'2018-05-14 21:52:43.743489');
INSERT INTO django_admin_log VALUES(86,'1','Torgal',2,'[{"changed": {"fields": ["mut", "klugheit", "intuition", "charisma", "fingerfertigkeit", "gewandheit", "konstitution", "koerperkraft"]}}]',7,1,'2018-05-19 12:29:21.598607');
INSERT INTO django_admin_log VALUES(87,'1','WeaponSkillDistribution object',1,'[{"added": {}}]',14,1,'2018-05-21 13:09:58.981698');
INSERT INTO django_admin_log VALUES(88,'2','WeaponSkillDistribution object',1,'[{"added": {}}]',14,1,'2018-05-21 13:10:26.078436');
INSERT INTO django_admin_log VALUES(89,'68','Bogen',1,'[{"added": {}}]',11,1,'2018-05-22 15:50:55.588537');
INSERT INTO django_admin_log VALUES(90,'8','Fernkampf',1,'[{"added": {}}]',10,1,'2018-05-22 15:52:50.100598');
INSERT INTO django_admin_log VALUES(91,'68','Bogen',2,'[{"changed": {"fields": ["type"]}}]',11,1,'2018-05-22 15:53:03.829074');
INSERT INTO django_admin_log VALUES(92,'6','Wurfmesser',2,'[{"changed": {"fields": ["type", "dice1", "dice2", "dice3"]}}]',11,1,'2018-05-22 15:53:16.943888');
INSERT INTO django_admin_log VALUES(93,'7','Armbrust',2,'[{"changed": {"fields": ["type", "dice1", "dice2", "dice3"]}}]',11,1,'2018-05-22 15:53:33.968130');
INSERT INTO django_admin_log VALUES(94,'7','Torgal - Säbel',1,'[{"added": {}}]',13,1,'2018-05-23 22:23:36.202409');
INSERT INTO django_admin_log VALUES(95,'4','Zauberer',1,'[{"added": {}}]',9,1,'2018-06-06 18:59:13.650058');
INSERT INTO django_admin_log VALUES(96,'4','Modred',1,'[{"added": {}}]',7,1,'2018-06-06 19:00:52.923657');
INSERT INTO django_admin_log VALUES(97,'4','Modred',2,'[{"changed": {"fields": ["avatar", "avatar_small"]}}]',7,1,'2018-07-06 16:05:38.075362');
INSERT INTO django_admin_log VALUES(98,'1','Fight object',1,'[{"added": {}}]',15,1,'2018-09-03 17:54:00.803546');
INSERT INTO django_admin_log VALUES(99,'1','FightCharactParticipation object',1,'[{"added": {}}]',16,1,'2018-09-03 17:56:45.443127');
INSERT INTO django_admin_log VALUES(100,'2','FightCharactParticipation object',1,'[{"added": {}}]',16,1,'2018-09-03 17:56:49.786000');
INSERT INTO django_admin_log VALUES(101,'3','FightCharactParticipation object',1,'[{"added": {}}]',16,1,'2018-09-03 17:56:51.238619');
INSERT INTO django_admin_log VALUES(102,'1','Bar Brawl 1',3,'',15,1,'2018-09-03 18:30:14.089494');
INSERT INTO django_admin_log VALUES(103,'1','Adventure object',1,'[{"added": {}}]',18,1,'2018-09-03 18:32:17.405884');
INSERT INTO django_admin_log VALUES(104,'1','Bar Brawl 1',1,'[{"added": {}}]',15,1,'2018-09-03 18:32:59.610081');
INSERT INTO django_admin_log VALUES(105,'4','Bar Brawl 1 Torgal',1,'[{"added": {}}]',16,1,'2018-09-03 18:33:10.197975');
INSERT INTO django_admin_log VALUES(106,'5','Bar Brawl 1 Golini',1,'[{"added": {}}]',16,1,'2018-09-03 18:33:12.548734');
INSERT INTO django_admin_log VALUES(107,'6','Bar Brawl 1 Tore',1,'[{"added": {}}]',16,1,'2018-09-03 18:33:14.666659');
INSERT INTO django_admin_log VALUES(108,'7','Bar Brawl 1 Modred',1,'[{"added": {}}]',16,1,'2018-09-03 18:33:16.822321');
INSERT INTO django_admin_log VALUES(109,'2','WeaponSkillDistribution object',3,'',14,1,'2018-11-27 14:43:35.835316');
INSERT INTO django_admin_log VALUES(110,'1','WeaponSkillDistribution object',3,'',14,1,'2018-11-27 14:43:35.850935');
INSERT INTO django_admin_log VALUES(111,'3','WeaponSkillDistribution object',1,'[{"added": {}}]',14,1,'2018-11-27 14:44:18.281507');
INSERT INTO django_admin_log VALUES(112,'1','Weapon object',1,'[{"added": {}}]',19,1,'2018-11-27 14:50:01.824189');
INSERT INTO django_admin_log VALUES(113,'2','Weapon object',1,'[{"added": {}}]',19,1,'2018-11-27 14:50:12.009668');
INSERT INTO django_admin_log VALUES(114,'3','Weapon object',1,'[{"added": {}}]',19,1,'2018-11-27 14:50:19.807841');
INSERT INTO django_admin_log VALUES(115,'4','Weapon object',1,'[{"added": {}}]',19,1,'2018-11-27 14:50:28.758834');
INSERT INTO django_admin_log VALUES(116,'5','Weapon object',1,'[{"added": {}}]',19,1,'2018-11-27 14:50:35.569727');
INSERT INTO django_admin_log VALUES(117,'1','CharacterHasWeapon object',1,'[{"added": {}}]',20,1,'2018-11-27 14:57:36.715031');
INSERT INTO django_admin_log VALUES(118,'2','CharacterHasWeapon object',1,'[{"added": {}}]',20,1,'2018-11-27 14:57:53.788958');
INSERT INTO django_admin_log VALUES(119,'5','Säbel',2,'[{"changed": {"fields": ["skill_type"]}}]',19,1,'2018-11-27 15:37:41.378792');
INSERT INTO django_admin_log VALUES(120,'4','Kurzschwert',2,'[{"changed": {"fields": ["skill_type"]}}]',19,1,'2018-11-27 15:38:19.218553');
INSERT INTO django_admin_log VALUES(121,'5','Säbel',2,'[{"changed": {"fields": ["skill_type"]}}]',19,1,'2018-11-27 15:38:26.730870');
INSERT INTO django_admin_log VALUES(122,'3','Schwerer Dolch',2,'[]',19,1,'2018-11-27 15:38:32.262340');
INSERT INTO django_admin_log VALUES(123,'1','Langschwert',2,'[{"changed": {"fields": ["skill_type"]}}]',19,1,'2018-11-27 15:38:46.144849');
INSERT INTO django_admin_log VALUES(124,'1','AdventureImage object',1,'[{"added": {}}]',21,1,'2018-11-28 07:54:41.293352');
INSERT INTO django_admin_log VALUES(125,'1','AdventureImage object',2,'[]',21,1,'2018-11-29 08:57:09.828416');
INSERT INTO django_admin_log VALUES(126,'2','AdventureImage object',1,'[{"added": {}}]',21,1,'2018-11-29 08:57:31.778520');
INSERT INTO django_admin_log VALUES(127,'5','Deer',1,'[{"added": {}}]',7,1,'2018-11-29 08:58:52.466417');
INSERT INTO django_admin_log VALUES(128,'1','AdventureImage object',2,'[{"changed": {"fields": ["url"]}}]',21,1,'2018-11-29 09:18:46.967412');
INSERT INTO django_admin_log VALUES(129,'2','AdventureImage object',2,'[{"changed": {"fields": ["image"]}}]',21,1,'2018-11-29 09:35:34.064875');
INSERT INTO django_admin_log VALUES(130,'1','AdventureImage object',2,'[{"changed": {"fields": ["image"]}}]',21,1,'2018-11-29 09:35:41.591294');
INSERT INTO django_admin_log VALUES(131,'8','Golini - Raufen',1,'[{"added": {}}]',13,1,'2018-11-29 16:11:07.363614');
INSERT INTO django_admin_log VALUES(132,'9','Golini - Akrobatik',1,'[{"added": {}}]',13,1,'2018-11-29 16:11:17.072656');
INSERT INTO django_admin_log VALUES(133,'3','Golini / Dolch',1,'[{"added": {}}]',20,1,'2018-11-29 16:32:49.369251');
INSERT INTO django_admin_log VALUES(134,'4','Tore / Langschwert',1,'[{"added": {}}]',20,1,'2018-11-29 16:36:00.941002');
INSERT INTO django_admin_log VALUES(135,'5','Modred / Dolch',1,'[{"added": {}}]',20,1,'2018-11-29 16:36:06.924373');
INSERT INTO django_admin_log VALUES(136,'6','Magierstab',1,'[{"added": {}}]',19,1,'2018-11-29 16:36:30.863325');
INSERT INTO django_admin_log VALUES(137,'6','Modred / Magierstab',1,'[{"added": {}}]',20,1,'2018-11-29 16:36:37.544554');
INSERT INTO django_admin_log VALUES(138,'4','Tore / Langschwert',2,'[]',20,1,'2018-11-29 16:38:26.124721');
INSERT INTO django_admin_log VALUES(139,'69','Fernkampf',1,'[{"added": {}}]',11,1,'2018-11-29 18:02:39.499797');
INSERT INTO django_admin_log VALUES(140,'7','Langbogen',1,'[{"added": {}}]',19,1,'2018-11-29 18:02:43.360038');
INSERT INTO django_admin_log VALUES(141,'7','Tore / Langbogen',1,'[{"added": {}}]',20,1,'2018-11-29 18:02:46.142486');
INSERT INTO django_admin_log VALUES(142,'5','Deer',3,'',7,1,'2018-11-29 18:03:33.147386');
INSERT INTO django_admin_log VALUES(143,'1','Torgal - Hiebwaffen',1,'[{"added": {}}]',10,1,'2019-07-14 13:25:26.603921');
INSERT INTO django_admin_log VALUES(144,'1','Kampfzauber',1,'[{"added": {}}]',12,1,'2019-07-15 05:19:31.216363');
INSERT INTO django_admin_log VALUES(145,'1','Fulminictus Donnerkeil',1,'[{"added": {}}]',11,1,'2019-07-15 05:20:45.456985');
INSERT INTO django_admin_log VALUES(146,'4','Zauberer',2,'[{"changed": {"fields": ["knowsMagic"]}}]',13,1,'2019-07-15 05:24:43.643364');
INSERT INTO django_admin_log VALUES(147,'1','Modred - Fulminictus Donnerkeil - 5',1,'[{"added": {}}]',14,1,'2019-07-17 15:45:58.047135');
CREATE TABLE IF NOT EXISTS "django_content_type" ("id" integer NOT NULL PRIMARY KEY AUTOINCREMENT, "app_label" varchar(100) NOT NULL, "model" varchar(100) NOT NULL);
INSERT INTO django_content_type VALUES(1,'admin','logentry');
INSERT INTO django_content_type VALUES(2,'auth','permission');
INSERT INTO django_content_type VALUES(3,'auth','group');
INSERT INTO django_content_type VALUES(4,'auth','user');
INSERT INTO django_content_type VALUES(5,'contenttypes','contenttype');
INSERT INTO django_content_type VALUES(6,'sessions','session');
INSERT INTO django_content_type VALUES(7,'dsa_starter','nonplayercharacter');
INSERT INTO django_content_type VALUES(8,'dsa_starter','characterhasweapon');
INSERT INTO django_content_type VALUES(9,'dsa_starter','weapon');
INSERT INTO django_content_type VALUES(10,'dsa_starter','weaponskilldistribution');
INSERT INTO django_content_type VALUES(11,'dsa_starter','spell');
INSERT INTO django_content_type VALUES(12,'dsa_starter','spelltype');
INSERT INTO django_content_type VALUES(13,'dsa_starter','herotype');
INSERT INTO django_content_type VALUES(14,'dsa_starter','actualspellskill');
CREATE TABLE IF NOT EXISTS "auth_permission" ("id" integer NOT NULL PRIMARY KEY AUTOINCREMENT, "content_type_id" integer NOT NULL REFERENCES "django_content_type" ("id"), "codename" varchar(100) NOT NULL, "name" varchar(255) NOT NULL);
INSERT INTO auth_permission VALUES(1,1,'add_logentry','Can add log entry');
INSERT INTO auth_permission VALUES(2,1,'change_logentry','Can change log entry');
INSERT INTO auth_permission VALUES(3,1,'delete_logentry','Can delete log entry');
INSERT INTO auth_permission VALUES(4,2,'add_permission','Can add permission');
INSERT INTO auth_permission VALUES(5,2,'change_permission','Can change permission');
INSERT INTO auth_permission VALUES(6,2,'delete_permission','Can delete permission');
INSERT INTO auth_permission VALUES(7,3,'add_group','Can add group');
INSERT INTO auth_permission VALUES(8,3,'change_group','Can change group');
INSERT INTO auth_permission VALUES(9,3,'delete_group','Can delete group');
INSERT INTO auth_permission VALUES(10,4,'add_user','Can add user');
INSERT INTO auth_permission VALUES(11,4,'change_user','Can change user');
INSERT INTO auth_permission VALUES(12,4,'delete_user','Can delete user');
INSERT INTO auth_permission VALUES(13,5,'add_contenttype','Can add content type');
INSERT INTO auth_permission VALUES(14,5,'change_contenttype','Can change content type');
INSERT INTO auth_permission VALUES(15,5,'delete_contenttype','Can delete content type');
INSERT INTO auth_permission VALUES(16,6,'add_session','Can add session');
INSERT INTO auth_permission VALUES(17,6,'change_session','Can change session');
INSERT INTO auth_permission VALUES(18,6,'delete_session','Can delete session');
CREATE TABLE IF NOT EXISTS "auth_user" ("id" integer NOT NULL PRIMARY KEY AUTOINCREMENT, "password" varchar(128) NOT NULL, "last_login" datetime NULL, "is_superuser" bool NOT NULL, "first_name" varchar(30) NOT NULL, "last_name" varchar(30) NOT NULL, "email" varchar(254) NOT NULL, "is_staff" bool NOT NULL, "is_active" bool NOT NULL, "date_joined" datetime NOT NULL, "username" varchar(150) NOT NULL UNIQUE);
INSERT INTO auth_user VALUES(1,'pbkdf2_sha256$36000$Nq39ZESgsmhr$J+/r3uVHVWsfqMbq3wD5NFmh4St9eiVXRwbAkqCGJgU=','2019-07-14 13:22:10.220143',1,'','','luther@lutherundwinter.de',1,1,'2017-04-18 10:28:33.983715','michel');
INSERT INTO auth_user VALUES(2,'pbkdf2_sha256$36000$NTq1tE9Ubysv$TQaEIBUTrhjlK5/bk2kWZZVS3HgLhlJCc7zPV4006Us=',NULL,0,'Jonas','Kapteyn','michel@lutherundwinter.de',0,1,'2017-04-18 10:39:01','jones');
INSERT INTO auth_user VALUES(3,'pbkdf2_sha256$36000$94uilYNRl0mG$7/WZOQSnPuueuxVXCfgIifL4SLY1iB61Vd6grBQFHS0=',NULL,0,'Golo','Grajewski','golo@lutherundwinter.de',0,1,'2017-04-18 10:41:48','golo');
CREATE TABLE IF NOT EXISTS "dsa_starter_race" ("id" integer NOT NULL PRIMARY KEY AUTOINCREMENT, "name" text NOT NULL);
INSERT INTO dsa_starter_race VALUES(1,'Mensch');
INSERT INTO dsa_starter_race VALUES(2,'Zwerg');
CREATE TABLE IF NOT EXISTS "dsa_starter_actualskill" ("id" integer NOT NULL PRIMARY KEY AUTOINCREMENT, "value" smallint NOT NULL, "skill_id" integer NOT NULL REFERENCES "dsa_starter_skill" ("id"), "character_id" integer NOT NULL REFERENCES "dsa_starter_character" ("id"));
INSERT INTO dsa_starter_actualskill VALUES(1,4,1,1);
INSERT INTO dsa_starter_actualskill VALUES(2,8,6,1);
INSERT INTO dsa_starter_actualskill VALUES(3,8,2,1);
INSERT INTO dsa_starter_actualskill VALUES(4,7,63,1);
INSERT INTO dsa_starter_actualskill VALUES(5,4,19,1);
INSERT INTO dsa_starter_actualskill VALUES(6,4,17,1);
INSERT INTO dsa_starter_actualskill VALUES(7,3,5,1);
INSERT INTO dsa_starter_actualskill VALUES(8,2,3,2);
INSERT INTO dsa_starter_actualskill VALUES(9,8,11,2);
CREATE TABLE IF NOT EXISTS "dsa_starter_skillgroup" ("name" varchar(1) NOT NULL, "cost_per_increase" smallint NOT NULL, "title" varchar(50) NOT NULL, "id" integer NOT NULL PRIMARY KEY AUTOINCREMENT);
INSERT INTO dsa_starter_skillgroup VALUES('D',5,'Schwer zu erwerbende',3);
INSERT INTO dsa_starter_skillgroup VALUES('B',5,'Leicht zu erwerbende',4);
INSERT INTO dsa_starter_skillgroup VALUES('F',5,'Gaben',5);
CREATE TABLE IF NOT EXISTS "dsa_starter_skilltype" ("skill_group_id" integer NOT NULL REFERENCES "dsa_starter_skillgroup" ("id"), "name" varchar(50) NOT NULL, "id" integer NOT NULL PRIMARY KEY AUTOINCREMENT);
INSERT INTO dsa_starter_skilltype VALUES(5,'Kampftechniken',1);
INSERT INTO dsa_starter_skilltype VALUES(3,'Körperliche Talente',2);
INSERT INTO dsa_starter_skilltype VALUES(4,'Gesellschaftliche Talente',3);
INSERT INTO dsa_starter_skilltype VALUES(4,'Naturtalente',4);
INSERT INTO dsa_starter_skilltype VALUES(4,'Wissenstalente',5);
INSERT INTO dsa_starter_skilltype VALUES(5,'Sprachen und Schriften',6);
INSERT INTO dsa_starter_skilltype VALUES(4,'Handwerkliche Talente',7);
INSERT INTO dsa_starter_skilltype VALUES(3,'Fernkampf',8);
CREATE TABLE IF NOT EXISTS "dsa_starter_skill" ("id" integer NOT NULL PRIMARY KEY AUTOINCREMENT, "name" varchar(200) NOT NULL, "type_id" integer NOT NULL REFERENCES "dsa_starter_skilltype" ("id"), "behinderung" varchar(4) NOT NULL, "dice1" varchar(2) NOT NULL, "dice2" varchar(2) NOT NULL, "dice3" varchar(2) NOT NULL, "basis" bool NOT NULL);
INSERT INTO dsa_starter_skill VALUES(1,'Dolche',1,'BE-1','','','',1);
INSERT INTO dsa_starter_skill VALUES(2,'Hiebwaffen',1,'BE-4','','','',1);
INSERT INTO dsa_starter_skill VALUES(3,'Raufen',1,'BE','','','',1);
INSERT INTO dsa_starter_skill VALUES(4,'Ringen',1,'BE','','','',1);
INSERT INTO dsa_starter_skill VALUES(5,'Säbel',1,'BE-2','','','',1);
INSERT INTO dsa_starter_skill VALUES(6,'Wurfmesser',8,'BE-3','GE','GE','GE',1);
INSERT INTO dsa_starter_skill VALUES(7,'Armbrust',8,'BE-2','GE','GE','GE',1);
INSERT INTO dsa_starter_skill VALUES(8,'Zweihandwaffen',1,'BE-4','','','',1);
INSERT INTO dsa_starter_skill VALUES(9,'Athletik',2,'BEx2','GE','KO','KK',1);
INSERT INTO dsa_starter_skill VALUES(10,'Klettern',2,'BE*2','MU','GE','KK',1);
INSERT INTO dsa_starter_skill VALUES(11,'Akrobatik',2,'BEx2','MU','GE','KK',1);
INSERT INTO dsa_starter_skill VALUES(12,'Gaukeleien',2,'BEx2','MU','CH','FF',1);
INSERT INTO dsa_starter_skill VALUES(13,'Körperbeherrschung',2,'BEx2','MU','IN','GE',1);
INSERT INTO dsa_starter_skill VALUES(14,'Reiten',2,'BE-2','CH','GE','KK',1);
INSERT INTO dsa_starter_skill VALUES(15,'Schleichen',2,'BE','MU','IN','GE',1);
INSERT INTO dsa_starter_skill VALUES(16,'Schwimmen',2,'BEx2','GE','KO','KK',1);
INSERT INTO dsa_starter_skill VALUES(17,'Selbstbeherrschung',2,'-','MU','KO','KK',1);
INSERT INTO dsa_starter_skill VALUES(18,'Sich Verstecken',2,'BE-2','MU','IN','GE',1);
INSERT INTO dsa_starter_skill VALUES(19,'Singen',2,'BE-3','IN','CH','KO',1);
INSERT INTO dsa_starter_skill VALUES(20,'Sinnenschärfe',2,'situationsabhängig','KL','IN','IN',1);
INSERT INTO dsa_starter_skill VALUES(21,'Stimmen Imitieren',2,'BE-4','KL','IN','CH',1);
INSERT INTO dsa_starter_skill VALUES(22,'Tanze',2,'BEx2','CH','GE','GE',1);
INSERT INTO dsa_starter_skill VALUES(23,'Taschendiebstahl',2,'BEx2','MU','IN','FF',1);
INSERT INTO dsa_starter_skill VALUES(24,'Zechen',2,'-','IN','KO','KK',1);
INSERT INTO dsa_starter_skill VALUES(25,'Betören',3,'BE-2','IN','CH','CH',1);
INSERT INTO dsa_starter_skill VALUES(26,'Etikette',3,'BE-2','KL','IN','CH',1);
INSERT INTO dsa_starter_skill VALUES(27,'Gassenwissen',3,'BE-4','KL','IN','CH',1);
INSERT INTO dsa_starter_skill VALUES(28,'Lehren',3,'-','KL','IN','CH',1);
INSERT INTO dsa_starter_skill VALUES(29,'Menschenkenntnis',3,'-','KL','IN','CH',1);
INSERT INTO dsa_starter_skill VALUES(30,'Sich Verkleiden',3,'BEx2','MU','CH','GE',1);
INSERT INTO dsa_starter_skill VALUES(31,'Überreden / Lügen',3,'-','MU','IN','CH',1);
INSERT INTO dsa_starter_skill VALUES(32,'Überzeugen',3,'-','KL','IN','CH',1);
INSERT INTO dsa_starter_skill VALUES(33,'Fährtensuchen',4,'-','KL','IN','IN',1);
INSERT INTO dsa_starter_skill VALUES(34,'Fallenstellen',4,'-','KL','FF','KK',1);
INSERT INTO dsa_starter_skill VALUES(35,'Fesseln/Entfesseln',4,'BE (beim entfesseln)','FF','GE','KK',1);
INSERT INTO dsa_starter_skill VALUES(36,'Fischen/Angeln',4,'-','IN','FF','KK',1);
INSERT INTO dsa_starter_skill VALUES(37,'Orientierung',4,'-','KL','IN','IN',1);
INSERT INTO dsa_starter_skill VALUES(38,'Wettervorhersage',4,'-','KL','IN','IN',1);
INSERT INTO dsa_starter_skill VALUES(39,'Wildnisleben',4,'je nach Situation','IN','GE','KO',1);
INSERT INTO dsa_starter_skill VALUES(40,'Abrichten',5,'-','MU','IN','CH',1);
INSERT INTO dsa_starter_skill VALUES(41,'Ackerbau',5,'-','IN','FF','KK',1);
INSERT INTO dsa_starter_skill VALUES(42,'Alchimie',5,'-','MU','KL','FF',1);
INSERT INTO dsa_starter_skill VALUES(43,'Bergbau',5,'-','IN','KO','KK',1);
INSERT INTO dsa_starter_skill VALUES(44,'Bogenbau',5,'-','KL','IN','FF',1);
INSERT INTO dsa_starter_skill VALUES(45,'Boote Fahren',5,'-','GE','KO','KK',1);
INSERT INTO dsa_starter_skill VALUES(46,'Fahrzeug Lenken',5,'-','IN','CH','FF',1);
INSERT INTO dsa_starter_skill VALUES(47,'Falschspiel',5,'-','MU','CH','FF',1);
INSERT INTO dsa_starter_skill VALUES(48,'Feinmechanik',5,'-','KL','FF','FF',1);
INSERT INTO dsa_starter_skill VALUES(49,'Fleischer',5,'-','KL','FF','KK',1);
INSERT INTO dsa_starter_skill VALUES(50,'Gerber/Kürschner',5,'-','KL','FF','KO',1);
INSERT INTO dsa_starter_skill VALUES(51,'Grobschmied',5,'-','FF','KK','KO',1);
INSERT INTO dsa_starter_skill VALUES(52,'Heilkunde Gift',5,'-','MU','KL','IN',1);
INSERT INTO dsa_starter_skill VALUES(53,'Heilkunde Krankheiten',5,'-','MU','KL','CH',1);
INSERT INTO dsa_starter_skill VALUES(54,'Heilkunde Wunden',7,'-','KL','CH','FF',1);
INSERT INTO dsa_starter_skill VALUES(55,'Holzbearbeitung',7,'-','KL','FF','KK',1);
INSERT INTO dsa_starter_skill VALUES(56,'Kartographie',7,'-','KL','KL','FF',1);
INSERT INTO dsa_starter_skill VALUES(57,'Kochen',7,'-','KL','IN','FF',1);
INSERT INTO dsa_starter_skill VALUES(58,'Lederarbeiten',7,'-','KL','FF','FF',1);
INSERT INTO dsa_starter_skill VALUES(59,'Malen/Zeichnen',7,'-','KL','IN','FF',1);
INSERT INTO dsa_starter_skill VALUES(60,'Musizieren',7,'-','IN','CH','FF',1);
INSERT INTO dsa_starter_skill VALUES(61,'Schlösser knacken',7,'-','IN','FF','FF',1);
INSERT INTO dsa_starter_skill VALUES(62,'Schneidern',7,'-','KL','FF','FF',1);
INSERT INTO dsa_starter_skill VALUES(63,'Seefahrt',7,'-','FF','GE','KK',1);
INSERT INTO dsa_starter_skill VALUES(64,'Steinmetz',7,'-','FF','FF','KK',1);
INSERT INTO dsa_starter_skill VALUES(65,'Steinschneider/Juwelier',7,'-','IN','FF','FF',1);
INSERT INTO dsa_starter_skill VALUES(66,'Tätowieren',7,'-','IN','FF','FF',1);
INSERT INTO dsa_starter_skill VALUES(67,'Zimmermann',7,'-','KL','FF','KK',1);
INSERT INTO dsa_starter_skill VALUES(68,'Bogen',8,'BE-3','GE','GE','GE',1);
INSERT INTO dsa_starter_skill VALUES(69,'Fernkampf',1,'BE-3','GE','GE','GE',1);
CREATE TABLE IF NOT EXISTS "dsa_starter_weaponskilldistribution" ("id" integer NOT NULL PRIMARY KEY AUTOINCREMENT, "character_id" integer NOT NULL REFERENCES "dsa_starter_character" ("id"), "skill_id" integer NOT NULL REFERENCES "dsa_starter_skill" ("id"), "attack" smallint NOT NULL, "parade" smallint NOT NULL);
INSERT INTO dsa_starter_weaponskilldistribution VALUES(1,1,2,4,4);
CREATE TABLE IF NOT EXISTS "dsa_starter_nonplayercharacter" ("id" integer NOT NULL PRIMARY KEY AUTOINCREMENT, "gender" varchar(1) NOT NULL, "avatar" varchar(100) NULL, "avatar_small" varchar(100) NULL, "name" varchar(200) NOT NULL, "iniitiative" smallint NOT NULL, "attack" smallint NOT NULL, "parade" smallint NOT NULL, "hit_points" varchar(6) NOT NULL, "race_id" integer NOT NULL REFERENCES "dsa_starter_race" ("id"), "type_id" integer NOT NULL REFERENCES "dsa_starter_herotype" ("id"));
CREATE TABLE IF NOT EXISTS "dsa_starter_fight" ("id" integer NOT NULL PRIMARY KEY AUTOINCREMENT, "name" varchar(200) NOT NULL, "adventure_id" integer NOT NULL REFERENCES "dsa_starter_adventure" ("id"));
INSERT INTO dsa_starter_fight VALUES(1,'Bar Brawl 1',1);
CREATE TABLE IF NOT EXISTS "dsa_starter_characterhasweapon" ("id" integer NOT NULL PRIMARY KEY AUTOINCREMENT, "character_id" integer NOT NULL REFERENCES "dsa_starter_character" ("id"), "weapon_id" integer NOT NULL REFERENCES "dsa_starter_weapon" ("id"));
INSERT INTO dsa_starter_characterhasweapon VALUES(1,1,1);
INSERT INTO dsa_starter_characterhasweapon VALUES(2,1,3);
INSERT INTO dsa_starter_characterhasweapon VALUES(3,2,2);
INSERT INTO dsa_starter_characterhasweapon VALUES(4,3,1);
INSERT INTO dsa_starter_characterhasweapon VALUES(5,4,2);
INSERT INTO dsa_starter_characterhasweapon VALUES(6,4,6);
INSERT INTO dsa_starter_characterhasweapon VALUES(7,3,7);
CREATE TABLE IF NOT EXISTS "dsa_starter_weapon" ("id" integer NOT NULL PRIMARY KEY AUTOINCREMENT, "name" varchar(200) NOT NULL, "hit_dices" smallint NOT NULL, "hit_add_points" smallint NOT NULL, "skill_type_id" integer NOT NULL REFERENCES "dsa_starter_skill" ("id"));
INSERT INTO dsa_starter_weapon VALUES(1,'Langschwert',1,4,2);
INSERT INTO dsa_starter_weapon VALUES(2,'Dolch',1,1,1);
INSERT INTO dsa_starter_weapon VALUES(3,'Schwerer Dolch',1,2,1);
INSERT INTO dsa_starter_weapon VALUES(4,'Kurzschwert',1,3,2);
INSERT INTO dsa_starter_weapon VALUES(5,'Säbel',1,3,5);
INSERT INTO dsa_starter_weapon VALUES(6,'Magierstab',1,2,2);
INSERT INTO dsa_starter_weapon VALUES(7,'Langbogen',1,4,69);
CREATE TABLE IF NOT EXISTS "dsa_starter_fightcharacterparticipation" ("id" integer NOT NULL PRIMARY KEY AUTOINCREMENT, "character_id" integer NOT NULL REFERENCES "dsa_starter_character" ("id"), "fight_id" integer NOT NULL REFERENCES "dsa_starter_fight" ("id"), "position" varchar(1) NOT NULL);
INSERT INTO dsa_starter_fightcharacterparticipation VALUES(4,1,1,'B');
INSERT INTO dsa_starter_fightcharacterparticipation VALUES(5,2,1,'B');
INSERT INTO dsa_starter_fightcharacterparticipation VALUES(6,3,1,'B');
INSERT INTO dsa_starter_fightcharacterparticipation VALUES(7,4,1,'B');
CREATE TABLE IF NOT EXISTS "dsa_starter_adventure" ("id" integer NOT NULL PRIMARY KEY AUTOINCREMENT, "name" varchar(200) NOT NULL, "isActive" bool NOT NULL);
INSERT INTO dsa_starter_adventure VALUES(1,'Reise zum Horizont',0);
CREATE TABLE IF NOT EXISTS "dsa_starter_adventureimage" ("id" integer NOT NULL PRIMARY KEY AUTOINCREMENT, "caption" varchar(200) NOT NULL, "adventure_id" integer NOT NULL REFERENCES "dsa_starter_adventure" ("id"), "image" varchar(100) NULL);
INSERT INTO dsa_starter_adventureimage VALUES(1,'A deer, my friend',1,'Selection_003.png');
INSERT INTO dsa_starter_adventureimage VALUES(2,'Many Deers',1,'Selection_004_fT1KkzV.png');
CREATE TABLE IF NOT EXISTS "dsa_starter_character" ("id" integer NOT NULL PRIMARY KEY AUTOINCREMENT, "created_date" datetime NOT NULL, "name" varchar(200) NOT NULL, "type_id" integer NOT NULL REFERENCES "dsa_starter_herotype" ("id"), "race_id" integer NOT NULL REFERENCES "dsa_starter_race" ("id"), "experience" smallint NOT NULL, "life" smallint NOT NULL, "charisma" smallint NOT NULL, "culture" varchar(200) NOT NULL, "fingerfertigkeit" smallint NOT NULL, "gender" varchar(1) NOT NULL, "gewandheit" smallint NOT NULL, "intuition" smallint NOT NULL, "klugheit" smallint NOT NULL, "koerperkraft" smallint NOT NULL, "konstitution" smallint NOT NULL, "mut" smallint NOT NULL, "size" smallint NOT NULL, "social_rank" smallint NOT NULL, "experience_used" smallint NOT NULL, "ini_basis" smallint NOT NULL, "life_lost" smallint NOT NULL, "avatar" varchar(100) NULL, "avatar_small" varchar(100) NULL);
INSERT INTO dsa_starter_character VALUES(1,'2017-04-18 16:29:48','Torgal',1,1,0,30,9,'Irgendwas',10,'M',12,11,9,14,11,10,175,0,0,0,0,'torgal_avatar_large.png','torgal_avatar_small_g2VUiQF.png');
INSERT INTO dsa_starter_character VALUES(2,'2017-04-18 19:18:07','Golini',2,1,1000,33,12,'Garethi',10,'F',10,10,10,12,10,10,175,0,0,0,8,'avatar_golini_large.png','golini_avatar_small_inIB8ij.png');
INSERT INTO dsa_starter_character VALUES(3,'2017-04-26 21:50:21','Tore',3,1,0,30,0,'Garethi',0,'M',0,0,0,0,0,0,187,2,0,0,25,'tore_avatar_large.png','tore_avatar_small_NoPYBRv.png');
INSERT INTO dsa_starter_character VALUES(4,'2018-06-06 19:00:18','Modred',4,1,0,30,0,'Andergaster',0,'M',0,0,0,0,0,0,175,0,0,0,0,'modred.jpg','modred_isqvmWp.jpg');
CREATE TABLE IF NOT EXISTS "django_session" ("session_key" varchar(40) NOT NULL PRIMARY KEY, "session_data" text NOT NULL, "expire_date" datetime NOT NULL);
INSERT INTO django_session VALUES('x0vs1rq3ch5eo0x1wyu3b13vlddhdf8e','ZDU4YTlmYzcxMDc3ZTAxZjAxNzdlZmE0MDJlZWUxMjI3Y2E3ODdkMTp7Il9hdXRoX3VzZXJfaGFzaCI6IjhlN2RlOTg0NjZmYmRkMWZjNjQxMTM5MjE4Yjc1M2MwNDg0MTY0MzgiLCJfYXV0aF91c2VyX2JhY2tlbmQiOiJkamFuZ28uY29udHJpYi5hdXRoLmJhY2tlbmRzLk1vZGVsQmFja2VuZCIsIl9hdXRoX3VzZXJfaWQiOiIxIn0=','2017-05-02 10:28:45.262423');
INSERT INTO django_session VALUES('l7u9kwgm8wbixw1p210ilej48z4ep666','ZjIxY2JlYTVjMjgxMmViNDQ3YTVkZGUyNDg1YzUyNTJlMWFmYzcyZDp7Il9hdXRoX3VzZXJfaWQiOiIxIiwiX2F1dGhfdXNlcl9iYWNrZW5kIjoiZGphbmdvLmNvbnRyaWIuYXV0aC5iYWNrZW5kcy5Nb2RlbEJhY2tlbmQiLCJfYXV0aF91c2VyX2hhc2giOiI4ZTdkZTk4NDY2ZmJkZDFmYzY0MTEzOTIxOGI3NTNjMDQ4NDE2NDM4In0=','2017-05-10 21:39:12.364548');
INSERT INTO django_session VALUES('bkce2fu0vt5p1qpra6wopre80qg1xjej','OWI0Zjk0ODJhM2MzNzg5NWM5YjMwMGUxMWI2NzhkMWJmMjJlYjE0Yjp7Il9hdXRoX3VzZXJfaWQiOiIxIiwiX2F1dGhfdXNlcl9oYXNoIjoiOGU3ZGU5ODQ2NmZiZGQxZmM2NDExMzkyMThiNzUzYzA0ODQxNjQzOCIsIl9hdXRoX3VzZXJfYmFja2VuZCI6ImRqYW5nby5jb250cmliLmF1dGguYmFja2VuZHMuTW9kZWxCYWNrZW5kIn0=','2017-05-19 15:18:25.907403');
INSERT INTO django_session VALUES('4pl74l15tmuzid6yveeu4xw1of99z2kj','ZjIxY2JlYTVjMjgxMmViNDQ3YTVkZGUyNDg1YzUyNTJlMWFmYzcyZDp7Il9hdXRoX3VzZXJfaWQiOiIxIiwiX2F1dGhfdXNlcl9iYWNrZW5kIjoiZGphbmdvLmNvbnRyaWIuYXV0aC5iYWNrZW5kcy5Nb2RlbEJhY2tlbmQiLCJfYXV0aF91c2VyX2hhc2giOiI4ZTdkZTk4NDY2ZmJkZDFmYzY0MTEzOTIxOGI3NTNjMDQ4NDE2NDM4In0=','2018-05-28 20:15:41.800071');
INSERT INTO django_session VALUES('031gct0zqs5ouh1j5sepcw9sy84iay6z','ZjIxY2JlYTVjMjgxMmViNDQ3YTVkZGUyNDg1YzUyNTJlMWFmYzcyZDp7Il9hdXRoX3VzZXJfaWQiOiIxIiwiX2F1dGhfdXNlcl9iYWNrZW5kIjoiZGphbmdvLmNvbnRyaWIuYXV0aC5iYWNrZW5kcy5Nb2RlbEJhY2tlbmQiLCJfYXV0aF91c2VyX2hhc2giOiI4ZTdkZTk4NDY2ZmJkZDFmYzY0MTEzOTIxOGI3NTNjMDQ4NDE2NDM4In0=','2018-06-02 11:18:15.545099');
INSERT INTO django_session VALUES('p3ez97lcwqcyvnhgobyk5k1dsevaefl1','ZjIxY2JlYTVjMjgxMmViNDQ3YTVkZGUyNDg1YzUyNTJlMWFmYzcyZDp7Il9hdXRoX3VzZXJfaWQiOiIxIiwiX2F1dGhfdXNlcl9iYWNrZW5kIjoiZGphbmdvLmNvbnRyaWIuYXV0aC5iYWNrZW5kcy5Nb2RlbEJhY2tlbmQiLCJfYXV0aF91c2VyX2hhc2giOiI4ZTdkZTk4NDY2ZmJkZDFmYzY0MTEzOTIxOGI3NTNjMDQ4NDE2NDM4In0=','2018-06-20 18:58:52.777355');
INSERT INTO django_session VALUES('hf99su6d3ofoor4ntv9xy9j2cyeo0wp1','ZjIxY2JlYTVjMjgxMmViNDQ3YTVkZGUyNDg1YzUyNTJlMWFmYzcyZDp7Il9hdXRoX3VzZXJfaWQiOiIxIiwiX2F1dGhfdXNlcl9iYWNrZW5kIjoiZGphbmdvLmNvbnRyaWIuYXV0aC5iYWNrZW5kcy5Nb2RlbEJhY2tlbmQiLCJfYXV0aF91c2VyX2hhc2giOiI4ZTdkZTk4NDY2ZmJkZDFmYzY0MTEzOTIxOGI3NTNjMDQ4NDE2NDM4In0=','2018-07-20 16:03:05.334418');
INSERT INTO django_session VALUES('aybqbtyatyvx5vigmozqoydwab56iz8v','ZjIxY2JlYTVjMjgxMmViNDQ3YTVkZGUyNDg1YzUyNTJlMWFmYzcyZDp7Il9hdXRoX3VzZXJfaWQiOiIxIiwiX2F1dGhfdXNlcl9iYWNrZW5kIjoiZGphbmdvLmNvbnRyaWIuYXV0aC5iYWNrZW5kcy5Nb2RlbEJhY2tlbmQiLCJfYXV0aF91c2VyX2hhc2giOiI4ZTdkZTk4NDY2ZmJkZDFmYzY0MTEzOTIxOGI3NTNjMDQ4NDE2NDM4In0=','2018-09-17 17:43:30.594062');
INSERT INTO django_session VALUES('f3rle9lyy6hpt7qyz5p4mfyqi3di8i09','ZjIxY2JlYTVjMjgxMmViNDQ3YTVkZGUyNDg1YzUyNTJlMWFmYzcyZDp7Il9hdXRoX3VzZXJfaWQiOiIxIiwiX2F1dGhfdXNlcl9iYWNrZW5kIjoiZGphbmdvLmNvbnRyaWIuYXV0aC5iYWNrZW5kcy5Nb2RlbEJhY2tlbmQiLCJfYXV0aF91c2VyX2hhc2giOiI4ZTdkZTk4NDY2ZmJkZDFmYzY0MTEzOTIxOGI3NTNjMDQ4NDE2NDM4In0=','2018-12-01 10:32:25.390374');
INSERT INTO django_session VALUES('qcgfe77wssz97xn81b1vfwmr24s2vp2a','ZjIxY2JlYTVjMjgxMmViNDQ3YTVkZGUyNDg1YzUyNTJlMWFmYzcyZDp7Il9hdXRoX3VzZXJfaWQiOiIxIiwiX2F1dGhfdXNlcl9iYWNrZW5kIjoiZGphbmdvLmNvbnRyaWIuYXV0aC5iYWNrZW5kcy5Nb2RlbEJhY2tlbmQiLCJfYXV0aF91c2VyX2hhc2giOiI4ZTdkZTk4NDY2ZmJkZDFmYzY0MTEzOTIxOGI3NTNjMDQ4NDE2NDM4In0=','2018-12-11 14:35:53.713348');
INSERT INTO django_session VALUES('k8mfdeuejj28afwa6itu54qs69p2i00f','ZjIxY2JlYTVjMjgxMmViNDQ3YTVkZGUyNDg1YzUyNTJlMWFmYzcyZDp7Il9hdXRoX3VzZXJfaWQiOiIxIiwiX2F1dGhfdXNlcl9iYWNrZW5kIjoiZGphbmdvLmNvbnRyaWIuYXV0aC5iYWNrZW5kcy5Nb2RlbEJhY2tlbmQiLCJfYXV0aF91c2VyX2hhc2giOiI4ZTdkZTk4NDY2ZmJkZDFmYzY0MTEzOTIxOGI3NTNjMDQ4NDE2NDM4In0=','2018-12-12 07:53:57.390652');
INSERT INTO django_session VALUES('lwpf6qymsmo2dkhha7k3wi2wtbulifbi','ZjIxY2JlYTVjMjgxMmViNDQ3YTVkZGUyNDg1YzUyNTJlMWFmYzcyZDp7Il9hdXRoX3VzZXJfaWQiOiIxIiwiX2F1dGhfdXNlcl9iYWNrZW5kIjoiZGphbmdvLmNvbnRyaWIuYXV0aC5iYWNrZW5kcy5Nb2RlbEJhY2tlbmQiLCJfYXV0aF91c2VyX2hhc2giOiI4ZTdkZTk4NDY2ZmJkZDFmYzY0MTEzOTIxOGI3NTNjMDQ4NDE2NDM4In0=','2019-06-16 11:40:40.472518');
INSERT INTO django_session VALUES('m9v9dctt1ljar6scnmrrpqro2sswz5dw','ZjIxY2JlYTVjMjgxMmViNDQ3YTVkZGUyNDg1YzUyNTJlMWFmYzcyZDp7Il9hdXRoX3VzZXJfaWQiOiIxIiwiX2F1dGhfdXNlcl9iYWNrZW5kIjoiZGphbmdvLmNvbnRyaWIuYXV0aC5iYWNrZW5kcy5Nb2RlbEJhY2tlbmQiLCJfYXV0aF91c2VyX2hhc2giOiI4ZTdkZTk4NDY2ZmJkZDFmYzY0MTEzOTIxOGI3NTNjMDQ4NDE2NDM4In0=','2019-07-28 13:22:10.247685');
CREATE TABLE `dsa_starter_points_spent` (
	`hero_id`	INTEGER NOT NULL,
	`points_spent`	INTEGER NOT NULL,
	`activity_json`	TEXT NOT NULL
);
CREATE TABLE `dsa_starter_abenteuer_punkte` (
	`hero_id`	INTEGER NOT NULL,
	`abenteuer_punkte`	INTEGER NOT NULL DEFAULT (0)
);
CREATE TABLE IF NOT EXISTS "dsa_starter_nonplayercharacterhasweapon" ("id" integer NOT NULL PRIMARY KEY AUTOINCREMENT, "character_id" integer NOT NULL REFERENCES "dsa_starter_nonplayercharacter" ("id"), "weapon_id" integer NOT NULL REFERENCES "dsa_starter_weapon" ("id"));
CREATE TABLE IF NOT EXISTS "dsa_starter_spelltype" ("id" integer NOT NULL PRIMARY KEY AUTOINCREMENT, "name" varchar(50) NOT NULL);
INSERT INTO dsa_starter_spelltype VALUES(1,'Kampfzauber');
CREATE TABLE IF NOT EXISTS "dsa_starter_spell" ("id" integer NOT NULL PRIMARY KEY AUTOINCREMENT, "name" varchar(200) NOT NULL, "dice1" varchar(2) NOT NULL, "dice2" varchar(2) NOT NULL, "dice3" varchar(2) NOT NULL, "basis" bool NOT NULL, "type_id" integer NOT NULL REFERENCES "dsa_starter_spelltype" ("id"));
INSERT INTO dsa_starter_spell VALUES(1,'Fulminictus Donnerkeil','KO','KK','KL',0,1);
CREATE TABLE IF NOT EXISTS "dsa_starter_herotype" ("id" integer NOT NULL PRIMARY KEY AUTOINCREMENT, "name" varchar(200) NOT NULL, "knowsMagic" bool NOT NULL);
INSERT INTO dsa_starter_herotype VALUES(1,'Krieger',0);
INSERT INTO dsa_starter_herotype VALUES(2,'Gaukler',0);
INSERT INTO dsa_starter_herotype VALUES(3,'Jäger',0);
INSERT INTO dsa_starter_herotype VALUES(4,'Zauberer',1);
CREATE TABLE IF NOT EXISTS "dsa_starter_actualspellskill" ("id" integer NOT NULL PRIMARY KEY AUTOINCREMENT, "value" smallint NOT NULL, "character_id" integer NOT NULL REFERENCES "dsa_starter_character" ("id"), "spell_id" integer NOT NULL REFERENCES "dsa_starter_spell" ("id"));
INSERT INTO dsa_starter_actualspellskill VALUES(1,5,4,1);
DELETE FROM sqlite_sequence;
INSERT INTO sqlite_sequence VALUES('django_migrations',52);
INSERT INTO sqlite_sequence VALUES('django_admin_log',147);
INSERT INTO sqlite_sequence VALUES('django_content_type',14);
INSERT INTO sqlite_sequence VALUES('auth_permission',18);
INSERT INTO sqlite_sequence VALUES('auth_user',3);
INSERT INTO sqlite_sequence VALUES('dsa_starter_actualskill',9);
INSERT INTO sqlite_sequence VALUES('dsa_starter_skillgroup',5);
INSERT INTO sqlite_sequence VALUES('dsa_starter_skilltype',8);
INSERT INTO sqlite_sequence VALUES('dsa_starter_skill',69);
INSERT INTO sqlite_sequence VALUES('dsa_starter_weaponskilldistribution',1);
INSERT INTO sqlite_sequence VALUES('dsa_starter_fight',1);
INSERT INTO sqlite_sequence VALUES('dsa_starter_weapon',7);
INSERT INTO sqlite_sequence VALUES('dsa_starter_fightcharacterparticipation',7);
INSERT INTO sqlite_sequence VALUES('dsa_starter_adventure',1);
INSERT INTO sqlite_sequence VALUES('dsa_starter_adventureimage',2);
INSERT INTO sqlite_sequence VALUES('dsa_starter_character',4);
INSERT INTO sqlite_sequence VALUES('dsa_starter_race',2);
INSERT INTO sqlite_sequence VALUES('dsa_starter_characterhasweapon',7);
INSERT INTO sqlite_sequence VALUES('auth_user_groups',2);
INSERT INTO sqlite_sequence VALUES('auth_group_permissions',6);
INSERT INTO sqlite_sequence VALUES('auth_group',2);
INSERT INTO sqlite_sequence VALUES('dsa_starter_spell',1);
INSERT INTO sqlite_sequence VALUES('dsa_starter_spelltype',1);
INSERT INTO sqlite_sequence VALUES('dsa_starter_herotype',4);
INSERT INTO sqlite_sequence VALUES('dsa_starter_actualspellskill',1);
CREATE UNIQUE INDEX "auth_group_permissions_group_id_permission_id_0cd325b0_uniq" ON "auth_group_permissions" ("group_id", "permission_id");
CREATE INDEX "auth_group_permissions_group_id_b120cbf9" ON "auth_group_permissions" ("group_id");
CREATE INDEX "auth_group_permissions_permission_id_84c5c92e" ON "auth_group_permissions" ("permission_id");
CREATE UNIQUE INDEX "auth_user_groups_user_id_group_id_94350c0c_uniq" ON "auth_user_groups" ("user_id", "group_id");
CREATE INDEX "auth_user_groups_user_id_6a12ed8b" ON "auth_user_groups" ("user_id");
CREATE INDEX "auth_user_groups_group_id_97559544" ON "auth_user_groups" ("group_id");
CREATE UNIQUE INDEX "auth_user_user_permissions_user_id_permission_id_14a6b632_uniq" ON "auth_user_user_permissions" ("user_id", "permission_id");
CREATE INDEX "auth_user_user_permissions_user_id_a95ead1b" ON "auth_user_user_permissions" ("user_id");
CREATE INDEX "auth_user_user_permissions_permission_id_1fbb5f2c" ON "auth_user_user_permissions" ("permission_id");
CREATE INDEX "django_admin_log_content_type_id_c4bce8eb" ON "django_admin_log" ("content_type_id");
CREATE INDEX "django_admin_log_user_id_c564eba6" ON "django_admin_log" ("user_id");
CREATE UNIQUE INDEX "django_content_type_app_label_model_76bd3d3b_uniq" ON "django_content_type" ("app_label", "model");
CREATE UNIQUE INDEX "auth_permission_content_type_id_codename_01ab375a_uniq" ON "auth_permission" ("content_type_id", "codename");
CREATE INDEX "auth_permission_content_type_id_2f476e4b" ON "auth_permission" ("content_type_id");
CREATE INDEX "dsa_starter_actualskill_skill_id_4d77e734" ON "dsa_starter_actualskill" ("skill_id");
CREATE INDEX "dsa_starter_actualskill_character_id_3a41a09d" ON "dsa_starter_actualskill" ("character_id");
CREATE INDEX "dsa_starter_skilltype_skill_group_id_1350aec5" ON "dsa_starter_skilltype" ("skill_group_id");
CREATE INDEX "dsa_starter_skill_type_id_74925c72" ON "dsa_starter_skill" ("type_id");
CREATE INDEX "dsa_starter_weaponskilldistribution_character_id_7c9805d8" ON "dsa_starter_weaponskilldistribution" ("character_id");
CREATE INDEX "dsa_starter_weaponskilldistribution_skill_id_56deed96" ON "dsa_starter_weaponskilldistribution" ("skill_id");
CREATE INDEX "dsa_starter_nonplayercharacter_race_id_637bf91a" ON "dsa_starter_nonplayercharacter" ("race_id");
CREATE INDEX "dsa_starter_nonplayercharacter_type_id_2278620c" ON "dsa_starter_nonplayercharacter" ("type_id");
CREATE INDEX "dsa_starter_fight_adventure_id_bbb4ca1d" ON "dsa_starter_fight" ("adventure_id");
CREATE INDEX "dsa_starter_characterhasweapon_character_id_f735db08" ON "dsa_starter_characterhasweapon" ("character_id");
CREATE INDEX "dsa_starter_characterhasweapon_weapon_id_aca88a0e" ON "dsa_starter_characterhasweapon" ("weapon_id");
CREATE INDEX "dsa_starter_weapon_skill_type_id_9dd16daf" ON "dsa_starter_weapon" ("skill_type_id");
CREATE INDEX "dsa_starter_fightcharacterparticipation_character_id_83dc0019" ON "dsa_starter_fightcharacterparticipation" ("character_id");
CREATE INDEX "dsa_starter_fightcharacterparticipation_fight_id_c9546867" ON "dsa_starter_fightcharacterparticipation" ("fight_id");
CREATE INDEX "dsa_starter_adventureimage_adventure_id_63563f68" ON "dsa_starter_adventureimage" ("adventure_id");
CREATE INDEX "dsa_starter_character_type_id_9d42a2dd" ON "dsa_starter_character" ("type_id");
CREATE INDEX "dsa_starter_character_race_id_277cda59" ON "dsa_starter_character" ("race_id");
CREATE INDEX "django_session_expire_date_a5c62663" ON "django_session" ("expire_date");
CREATE INDEX "dsa_starter_nonplayercharacterhasweapon_character_id_0c66692a" ON "dsa_starter_nonplayercharacterhasweapon" ("character_id");
CREATE INDEX "dsa_starter_nonplayercharacterhasweapon_weapon_id_27befbe8" ON "dsa_starter_nonplayercharacterhasweapon" ("weapon_id");
CREATE INDEX "dsa_starter_spell_type_id_48e5d7b8" ON "dsa_starter_spell" ("type_id");
CREATE INDEX "dsa_starter_actualspellskill_character_id_db1b14d1" ON "dsa_starter_actualspellskill" ("character_id");
CREATE INDEX "dsa_starter_actualspellskill_spell_id_3e97ade8" ON "dsa_starter_actualspellskill" ("spell_id");
COMMIT;
